Zipcode,Deliveries,Failed,Area,x_centroid,y_centroid,Dist,Price
2630,581,61,11.03725927,4.3825555,51.1318626,,
2000,2.909,289,5.985589698,4.3970156,51.214016,,
2018,1.980,245,3.692569224,4.4165101,51.2059669,,
2020,562,97,7.72197577,4.3851314,51.1908493,,
2030,488,35,49.80997908,4.3685141,51.2736282,,
2040,354,29,36.73831424,4.2975311,51.3440971,,
2050,306,27,9.400885701,4.3592277,51.2347794,,
2060,828,154,3.015491374,4.4278717,51.2275772,,
2100,1.661,76,10.54356371,4.4683414,51.21595,,
2140,909,110,3.807112932,4.4450879,51.2114944,,
2170,1.036,106,7.425142892,4.4444818,51.2514954,,
2180,608,63,7.461407289,4.4307103,51.2833595,,
2600,1.429,100,5.519289762,4.4319358,51.1921158,,
2610,1.240,52,11.18450252,4.3880129,51.1643524,,
2660,773,70,9.206703916,4.3493695,51.176693,,
2530,342,18,10.86631812,4.507339,51.1606293,,
2531,91,10,6.761191562,4.5361772,51.1759834,,
2850,437,70,5.263066016,4.3729053,51.0935669,,
2150,245,14,3.912696987,4.4877014,51.191433,,
2930,1.553,86,33.31369525,4.5005713,51.3096619,,
2960,954,127,72.653897,4.628304,51.3359947,,
2650,778,46,7.762112595,4.4329681,51.1562195,,
2910,625,67,47.51802401,4.4658833,51.4493828,,
2620,291,24,4.623303141,4.3401499,51.1436501,,
2540,271,9,5.453413412,4.4823508,51.1471291,,
2920,702,40,55.01518522,4.4687634,51.3987617,,
2950,1.001,119,36.04101056,4.4436202,51.333847,,
2550,1.028,47,23.4706026,4.4446778,51.1237068,,
2547,301,8,5.591488838,4.4981093,51.1276932,,
2640,898,65,5.868082028,4.4609308,51.1745987,,
2845,258,42,4.35188067,4.3356371,51.1073151,,
2520,526,20,41.21215338,4.5906439,51.1927605,,
2840,550,90,19.95098691,4.4211679,51.0938148,,
2627,286,30,7.656816371,4.342833,51.1226082,,
2970,801,79,34.85868025,4.5816083,51.2562065,,
2900,1.123,83,26.43389314,4.5082703,51.264122,,
2940,624,54,19.73630947,4.376864,51.3285637,,
2110,545,27,7.907361418,4.5170641,51.2293549,,
2160,489,27,12.59673687,4.5190063,51.2066116,,
2990,607,70,88.89320494,4.6004477,51.3940353,,
2240,305,39,19.79680526,4.6570773,51.2094955,,
2242,88,9,10.30270573,4.7060194,51.2268372,,
2243,108,6,9.925217867,4.6958928,51.1985893,,
2980,739,76,38.64318171,4.6706772,51.2575607,,
2070,633,46,19.62938025,4.323329,51.2249069,,
2390,543,48,51.36918837,4.7132363,51.293541,,
1730,577,59,36.96956127,4.2007308,50.9108238,,
1731,238,28,9.298224814,4.2745218,50.8926201,,
1650,164,9,6.615913883,4.3126965,50.7662315,,
1651,100,14,3.855682716,4.2794943,50.7660141,,
1652,145,16,6.234805748,4.3280725,50.7474899,,
1653,196,21,10.43195373,4.2985969,50.7337608,,
1654,48,7,2.916798279,4.2738566,50.7485352,,
1547,55,13,19.11249036,3.9322591,50.7106438,,
1700,579,136,19.77446783,4.2394328,50.8589211,,
1701,138,30,5.414316326,4.2326117,50.831543,,
1702,279,25,5.666360557,4.2627411,50.8724174,,
1703,142,32,8.315021276,4.2000427,50.8394966,,
1570,283,41,35.26587799,3.9879332,50.7528992,,
1755,213,36,40.26117489,4.0956988,50.7808609,,
1850,591,35,21.47879255,4.3851385,50.9407425,,
1851,202,4,7.94271636,4.3787475,50.9713783,,
1852,86,0,3.859281763,4.3633871,50.9546738,,
1853,431,29,4.661864027,4.3431187,50.9092445,,
1500,602,76,29.25063585,4.2403717,50.7306061,,
1501,118,20,3.592953339,4.262332,50.7373924,,
1502,178,29,11.04351227,4.2182508,50.7101822,,
1540,148,13,33.11337459,4.0518527,50.729332,,
1541,37,6,10.36913079,3.9928567,50.7042885,,
1560,435,40,7.932711005,4.4508805,50.7610321,,
1910,450,43,33.41928691,4.5605979,50.9412003,,
1880,271,10,15.04558798,4.354682,51.0035896,,
1770,277,16,9.745205998,4.0930161,50.8665657,,
1840,530,57,36.52284002,4.2765403,51.0106201,,
1830,217,13,5.224318009,4.442771,50.9115295,,
1831,686,23,4.81470117,4.4450212,50.8929558,,
1931,0,0,0,4.4541388,50.9065323,,
1934,0,0,0,4.4529452,50.9078064,,
1860,379,38,11.27766822,4.3250299,50.9436569,,
1861,269,28,20.61805813,4.3090391,50.9733276,,
1785,434,33,36.7435984,4.2470384,50.95121,,
1745,402,37,19.93523809,4.1807189,50.9624481,,
3090,954,38,43.42647088,4.5328526,50.7713013,,
1670,85,14,25.91793366,4.1388092,50.7421455,,
1671,8,0,3.015673667,4.1748829,50.7802963,,
1673,29,8,2.894716263,4.1813245,50.7337914,,
1674,16,0,3.99660001,4.1589656,50.7380867,,
1600,544,56,27.68443109,4.2432795,50.7808647,,
1601,109,14,1.024992436,4.2966495,50.7846794,,
1602,92,5,10.13799244,4.2306433,50.8057556,,
1820,437,22,17.72475313,4.4991479,50.9210663,,
1740,265,25,9.755382419,4.1799755,50.8731689,,
1741,80,10,7.474441141,4.1555729,50.8557091,,
1742,163,20,5.580883414,4.1358609,50.8757286,,
1800,2.000,142,21.35109018,4.4339147,50.9302101,,
1818,0,0,0,4.3981681,50.9135284,,
1930,1.018,19,11.9114965,4.487155,50.8828392,,
1932,454,20,5.455709539,4.4443297,50.868515,,
1933,359,14,7.825024597,4.5106883,50.8563194,,
1980,340,29,26.15632883,4.433723,50.979084,,
1981,166,24,4.699798658,4.5029588,50.9929237,,
1982,310,29,10.18128026,4.4939222,50.9705734,,
1760,263,17,16.91021971,4.0904217,50.8346214,,
1761,69,5,3.75978291,4.127491,50.8498154,,
1620,128,18,2.53042236,4.3088136,50.7937965,,
1950,531,15,5.849323481,4.4713964,50.845356,,
1630,156,32,4.192670822,4.345571,50.7678719,,
1640,599,72,16.22217947,4.3737111,50.7445679,,
1780,330,34,7.133557141,4.3094397,50.9096107,,
1970,531,29,6.855154693,4.4924951,50.8429604,,
1750,240,33,31.14319053,4.16366,50.8131905,,
1790,409,40,17.89949451,4.1157031,50.9041519,,
3200,685,83,26.45062962,4.824923,50.9803123,,
3201,263,32,20.67396052,4.8914247,51.0110207,,
3202,162,21,15.9089573,4.8955603,50.974472,,
3130,328,43,17.65012513,4.7846565,51.0070648,,
3460,165,13,28.933442,4.9870372,50.9399071,,
3461,37,5,7.762025237,4.9430189,50.9134445,,
3060,208,3,14.90446737,4.6289716,50.8620491,,
3061,129,2,15.04862049,4.5909338,50.8454399,,
3360,388,48,33.214913,4.7673769,50.8301506,,
3190,243,14,9.669630855,4.5783739,50.9755363,,
3191,215,23,7.127543807,4.5422039,50.9849281,,
3370,390,43,27.07305534,4.8427887,50.835186,,
3290,512,19,31.37817028,5.0845122,51.0025749,,
3293,85,3,4.224814206,5.0280757,50.9791336,,
3294,158,10,12.05636606,5.0295119,51.005764,,
3450,90,7,19.37453204,5.1094146,50.8916092,,
3454,49,5,16.18043029,5.1570897,50.8915558,,
3150,540,64,30.70830598,4.6411519,50.9640236,,
3020,831,114,27.31485207,4.6465578,50.9105759,,
3320,244,23,20.08075111,4.8629985,50.7844887,,
3321,30,2,5.199095398,4.9264951,50.7590523,,
3220,291,67,25.89105849,4.7873182,50.9206123,,
3221,132,34,12.88036194,4.8308902,50.9479065,,
3040,307,15,40.02676125,4.611939,50.7898521,,
3140,488,75,18.54468024,4.6543427,51.0051193,,
3470,66,7,14.95619473,5.0514436,50.8971558,,
3471,54,5,10.10590936,5.0051017,50.8665619,,
3472,47,4,11.014763,5.0064092,50.8942604,,
3473,69,4,8.662727118,5.0018044,50.9138985,,
3070,335,19,3.769387439,4.5380158,50.8846207,,
3071,266,12,16.02576301,4.572854,50.9050674,,
3078,260,12,9.645963103,4.5734448,50.8745041,,
3400,261,26,26.44710903,5.0413899,50.7643852,,
3401,100,16,7.957414716,5.083725,50.7253876,,
3404,62,10,5.653774835,5.0908136,50.7723579,,
3000,2.317,307,10.95929981,4.7121148,50.8701134,,
3001,1.119,298,19.76738302,4.6807604,50.8571167,,
3010,1.145,265,13.02196348,4.7366281,50.8894691,,
3012,384,50,8.92878826,4.7136154,50.9150467,,
3018,125,16,4.594494402,4.694612,50.933239,,
3210,400,56,29.32945457,4.8220997,50.8867493,,
3211,46,5,7.80903399,4.8924146,50.8723831,,
3212,114,12,8.123865962,4.7899394,50.874733,,
3050,139,42,7.531568825,4.6613803,50.8296242,,
3051,77,23,3.962453276,4.6503654,50.8044968,,
3052,86,17,4.153104186,4.7102647,50.8256302,,
3053,125,44,12.91778001,4.7052984,50.8167648,,
3054,8,3,2.591683343,4.6888618,50.822113,,
3110,396,66,17.101996,4.7296491,50.9566078,,
3111,157,25,8.517769814,4.7671199,50.9480896,,
3118,140,21,9.794442892,4.7078018,50.9743576,,
3080,1.075,46,22.38772427,4.5245237,50.8216362,,
3300,1.113,142,65.75785343,4.941977,50.8118515,,
3120,324,46,12.18336022,4.7091541,50.9942169,,
3128,205,26,9.728841811,4.748692,51.0053062,,
3440,280,45,46.79124539,5.101131,50.8351669,,
3350,215,33,35.65549105,5.0420041,50.8207779,,
3270,251,12,13.00106363,4.977592,50.9708824,,
3271,284,9,24.15063298,4.9790459,51.0092392,,
3272,172,8,12.57657975,4.9378891,51.0047913,,
3390,345,39,38.00078341,4.8934259,50.9281273,,
3391,36,5,6.579198599,4.9151344,50.895916,,
3380,106,9,16.97236912,4.9541988,50.8602066,,
3381,29,2,5.175226688,4.9589605,50.8877831,,
3384,24,6,4.675014764,4.9212584,50.8692169,,
8730,386,29,62.98543482,3.3367052,51.1506882,,
8370,373,9,17.5747053,3.1402564,51.3003197,,
8000,1.488,32,26.89199702,3.2129681,51.233696,,
8200,925,21,32.25890051,3.1829286,51.1886635,,
8310,1.050,40,22.65387668,3.2666266,51.2074776,,
8380,287,25,43.79809728,3.2135844,51.3047485,,
8340,267,18,90.26363179,3.3274989,51.2522278,,
8490,449,28,50.33025381,3.0963526,51.1886368,,
8020,698,47,80.15597171,3.2303138,51.1193237,,
8820,485,46,41.9107296,3.0954585,51.0623207,,
8210,570,35,38.88703392,3.155978,51.1316795,,
8211,113,4,21.14376336,3.0937903,51.1171532,,
8377,53,2,49.01229545,3.1314359,51.2539368,,
8300,639,38,44.33448698,3.3264046,51.3329239,,
8301,319,9,11.93911933,3.2553384,51.3240204,,
9880,531,56,70.12048745,3.436178,51.0758629,,
9881,80,10,12.26999992,3.4976735,51.0917244,,
9800,819,73,70.13011876,3.5163865,50.9903717,,
9840,385,35,15.71737947,3.6693449,50.9858398,,
9070,598,43,26.6661064,3.8092971,51.0441246,,
9940,911,37,74.44503631,3.7080631,51.1433105,,
9890,430,62,32.65460356,3.6855786,50.9289551,,
9000,4.765,647,36.04661342,3.7242591,51.0603104,,
9030,437,23,6.282714605,3.676398,51.0742722,,
9031,442,24,23.16327469,3.6329646,51.0512009,,
9032,585,27,9.90250811,3.7144346,51.0893135,,
9040,928,86,6.830316834,3.7619979,51.0643196,,
9041,526,34,11.23122296,3.7780111,51.0885201,,
9042,87,6,23.45625567,3.799495,51.1481361,,
9050,1.030,93,9.036483336,3.7644401,51.0367355,,
9051,347,35,9.374219105,3.6701968,51.0241013,,
9052,383,33,11.19223719,3.7082233,51.0035286,,
9910,210,26,37.4610337,3.4515481,51.1326828,,
9080,657,44,60.17614189,3.8570595,51.1029205,,
9920,240,16,15.88192388,3.6225796,51.1048241,,
9921,30,0,1.184176296,3.6393938,51.0850639,,
9090,409,19,15.35857752,3.7964103,50.9968338,,
9820,846,139,35.32329486,3.7407603,50.9744339,,
9180,173,4,33.51406842,3.9450052,51.182354,,
9810,373,51,31.48453268,3.6098163,50.9569702,,
9850,420,31,48.57917839,3.5537632,51.0578957,,
9860,364,59,42.01650965,3.7971826,50.9388123,,
9830,308,46,7.592013255,3.6294932,51.0157928,,
9831,141,14,5.472373292,3.6103327,50.999382,,
9950,228,8,21.14551806,3.6096516,51.1520805,,
9185,157,4,24.88733999,3.8733182,51.1802597,,
9930,165,16,27.30597407,3.5610375,51.1177292,,
9931,25,4,7.319675803,3.5425668,51.1512985,,
9932,7,2,0.775901288,3.5475099,51.1333656,,
9870,482,43,31.30606577,3.472672,50.9373703,,
7160,0,0,0,4.2875443,50.4623528,,
6000,0,0,0,4.4484463,50.4163437,,
6001,0,0,0,4.4400516,50.382164,,
6010,0,0,0,4.4717097,50.387291,,
6020,0,0,0,4.4269185,50.4172325,,
6030,0,0,0,4.3893695,50.4113083,,
6031,0,0,0,4.3768363,50.4169235,,
6032,0,0,0,4.4095411,50.3826027,,
6040,0,0,0,4.4351735,50.4446907,,
6041,0,0,0,4.443069,50.4693871,,
6042,0,0,0,4.4452081,50.4308624,,
6043,0,0,0,4.4823871,50.4552727,,
6044,0,0,0,4.3899961,50.4398499,,
6060,0,0,0,4.4854136,50.4279785,,
6061,0,0,0,4.4740171,50.4070435,,
6200,0,0,0,4.5222158,50.3970108,,
6180,0,0,0,4.3720675,50.4614372,,
6181,0,0,0,4.3216987,50.4934845,,
6182,0,0,0,4.3422952,50.4464531,,
6183,0,0,0,4.3232517,50.4634552,,
6240,0,0,0,4.5468435,50.4343834,,
6220,0,0,0,4.528389,50.4708481,,
6221,0,0,0,4.5291529,50.5107422,,
6222,0,0,0,4.5631876,50.5302391,,
6223,0,0,0,4.529779,50.5221939,,
6224,0,0,0,4.5784969,50.4761505,,
6140,0,0,0,4.3224411,50.4116554,,
6141,0,0,0,4.3215742,50.4319229,,
6142,0,0,0,4.321579,50.3877144,,
6280,0,0,0,4.528029,50.3474197,,
7170,0,0,0,4.2381773,50.4934196,,
6110,0,0,0,4.3777685,50.3722,,
6111,0,0,0,4.3528414,50.3880234,,
6230,0,0,0,4.372756,50.5141373,,
6238,0,0,0,4.4116464,50.5129433,,
7180,0,0,0,4.2683434,50.526371,,
7181,0,0,0,4.2597842,50.5602188,,
6250,0,0,0,4.5767727,50.4047966,,
6210,0,0,0,4.4404092,50.5335579,,
6211,0,0,0,4.4821577,50.5034943,,
3665,171,9,13.87986885,5.5709982,51.0040169,,
3668,118,9,7.315513402,5.6127491,51.0179329,,
3580,217,9,7.570536882,5.2231216,51.0457153,,
3581,227,14,16.59388514,5.2482963,51.0901642,,
3582,517,26,30.86261623,5.2806931,51.0705948,,
3583,427,15,21.52719072,5.1732574,51.0477257,,
3590,621,58,41.38329694,5.4173803,50.9115105,,
3600,2.005,88,80.9288328,5.4948502,50.9671898,,
3890,177,12,35.99661307,5.1610756,50.7316017,,
3891,61,3,9.404014215,5.1907229,50.7524986,,
3545,330,41,35.76207402,5.0941644,50.9501648,,
3500,2.220,193,50.6687218,5.3437734,50.9268684,,
3501,9,1,1.077112466,5.3527894,50.8798218,,
3510,177,8,11.47359496,5.2418375,50.9484444,,
3511,474,37,25.84670857,5.2950845,50.9567261,,
3512,136,3,12.02803171,5.2480321,50.9173355,,
3540,453,55,43.03356244,5.1778135,50.937355,,
3970,276,31,13.00662774,5.2658963,51.1209106,,
3971,125,8,9.541390672,5.2294765,51.1126633,,
3560,590,65,59.41885816,5.1833134,50.9953194,,
3850,170,12,22.52137741,5.2049184,50.8795319,,
3660,376,37,25.16502498,5.5713272,51.0403404,,
3800,966,122,86.88292478,5.2164459,50.8114929,,
3803,57,7,7.260612667,5.1516647,50.8334618,,
3806,50,11,10.31911367,5.1351609,50.7791939,,
3980,658,16,50.17393025,5.0695858,51.054821,,
3520,792,48,32.70458288,5.3765903,50.9918747,,
3690,223,10,31.98211537,5.5753703,50.9327011,,
3945,383,21,30.88183011,5.1608481,51.1002197,,
3550,1.078,22,44.36428837,5.289227,51.019825,,
3950,424,32,55.25765994,5.5640244,51.1869736,,
3960,500,28,64.93507925,5.6324892,51.1418343,,
3640,438,22,54.58678025,5.7602034,51.1530037,,
3920,1.100,136,93.50683951,5.3021317,51.2256393,,
3680,796,50,76.84668084,5.7150998,51.0879517,,
3910,564,71,42.43367809,5.4595342,51.2288399,,
3900,536,96,34.50592396,5.3936219,51.2002792,,
3990,502,35,82.58419338,5.4615307,51.1283569,,
3930,492,56,39.49461696,5.5073476,51.2601395,,
3940,210,22,16.74351615,5.3415451,51.117878,,
3941,176,16,40.49011019,5.3507566,51.1568375,,
3530,949,12,73.78904753,5.4084063,51.0452652,,
3670,402,28,82.64107856,5.5521569,51.0843849,,
3650,679,42,55.69107193,5.7121649,51.0360184,,
3570,423,28,27.48736413,5.2904177,50.8783493,,
3740,916,45,65.52457474,5.5324502,50.8721237,,
3742,25,0,2.099343717,5.5328927,50.8527603,,
3746,17,0,3.995457441,5.5552998,50.8824768,,
3840,248,14,45.95098314,5.3408308,50.8047028,,
3870,158,10,45.7754591,5.3123908,50.7536354,,
3717,0,0,0,5.4251018,50.7260704,,
3730,338,23,27.68430854,5.4744701,50.8453522,,
3732,21,0,2.427878663,5.4489503,50.8420525,,
3720,117,13,10.84589601,5.3782024,50.8660278,,
3721,54,9,6.36054033,5.4309521,50.8677559,,
3722,16,4,4.0969529,5.4093709,50.855648,,
3723,25,3,3.53004837,5.3990159,50.8428307,,
3724,72,4,9.182366371,5.4223733,50.830246,,
3620,726,59,36.45412239,5.6380968,50.888916,,
3621,166,12,15.16217163,5.6621475,50.9284897,,
3770,515,14,54.19839298,5.5921259,50.8053665,,
3700,1.004,105,74.21877482,5.4645982,50.7717743,,
3830,203,11,19.59450266,5.3326297,50.8430939,,
3831,1,0,1.303276777,5.3329344,50.8270454,,
3832,22,3,5.915262371,5.2907023,50.8446121,,
3630,894,47,50.92430693,5.6700015,50.9735374,,
3631,97,5,8.007179767,5.7257943,50.9401665,,
3790,34,1,15.93324551,5.8081756,50.7438889,,
3791,5,2,8.647414297,5.8833265,50.7297745,,
3792,2,0,0.168139651,5.8256907,50.7265282,,
3793,5,0,5.269633234,5.872344,50.7523499,,
3798,21,1,13.36592747,5.7724504,50.7604599,,
1070,1.770,202,17.52280439,4.2929349,50.828968,,
1160,1.225,90,7.444624463,4.4385772,50.8100548,,
1082,418,107,2.784550544,4.29388,50.8646698,,
1000,3.017,347,7.388386071,4.355958,50.8542366,,
1020,839,29,9.49618697,4.3507161,50.8872185,,
1120,354,25,4.523089595,4.3910861,50.8993607,,
1130,223,22,6.110108912,4.413393,50.8897972,,
1140,938,135,4.912652692,4.4084854,50.8699379,,
1190,1.101,197,5.725300147,4.3241811,50.8139572,,
1083,306,19,1.934758406,4.3095179,50.8743553,,
1090,719,22,4.883178607,4.3213191,50.881794,,
1081,254,14,0.999186337,4.3240538,50.8631325,,
1080,1.102,295,5.124214642,4.3186402,50.8553085,,
1060,1.536,225,2.283737892,4.3446851,50.8294525,,
1210,495,49,1.155019097,4.3694925,50.8537712,,
1030,2.474,416,7.535957439,4.3862801,50.8618202,,
1180,2.620,533,17.39334445,4.3614197,50.7897758,,
1170,999,67,5.062426176,4.4233918,50.7929306,,
1200,1.999,171,7.291627284,4.4316545,50.8477364,,
1201,0,0,0,4.4316068,50.8568535,,
1150,1.703,96,7.730969079,4.4429126,50.8311539,,
1320,0,0,0,4.7646656,50.7760506,,
1420,0,0,0,4.3583817,50.6923027,,
1421,0,0,0,4.3399258,50.6574821,,
1428,0,0,0,4.3662167,50.6410675,,
1440,0,0,0,4.2843995,50.6793976,,
1325,0,0,0,4.6905713,50.6871033,,
1490,0,0,0,4.5627394,50.6264915,,
1470,0,0,0,4.4917483,50.6070023,,
1471,0,0,0,4.4335685,50.594696,,
1472,0,0,0,4.4129786,50.6249046,,
1473,0,0,0,4.4463787,50.6350937,,
1474,0,0,0,4.4708581,50.6271057,,
1476,0,0,0,4.4103274,50.575779,,
1390,0,0,0,4.6880784,50.748333,,
1315,0,0,0,4.7815189,50.6990585,,
1460,0,0,0,4.2482343,50.6407776,,
1461,0,0,0,4.2999444,50.6497192,,
1370,0,0,0,4.8603325,50.7283936,,
1310,0,0,0,4.4647064,50.73629,,
1435,0,0,0,4.623342,50.6372223,,
1400,0,0,0,4.3239694,50.5915337,,
1401,0,0,0,4.3580875,50.6175728,,
1402,0,0,0,4.3788862,50.5899391,,
1404,0,0,0,4.2629199,50.6040802,,
1360,0,0,0,4.7897415,50.6342697,,
1330,0,0,0,4.5280232,50.7122307,,
1331,0,0,0,4.5465631,50.7354279,,
1332,0,0,0,4.5003901,50.7225723,,
1480,0,0,0,4.1904831,50.6900864,,
1495,0,0,0,4.5268483,50.5625114,,
1410,0,0,0,4.4034314,50.709938,,
1414,0,0,0,4.382987,50.7180672,,
1300,0,0,0,4.5966845,50.7153511,,
1301,0,0,0,4.5814252,50.7169189,,
1450,0,0,0,4.6234355,50.5893555,,
1357,0,0,0,4.9828362,50.7483063,,
1380,0,0,0,4.4616346,50.6823082,,
1350,0,0,0,4.963336,50.6899452,,
1340,0,0,0,4.5661383,50.6713448,,
1341,0,0,0,4.5341396,50.6605682,,
1342,0,0,0,4.5582924,50.6837578,,
1348,0,0,0,4.6181269,50.6712189,,
1367,0,0,0,4.885993,50.6567764,,
1430,0,0,0,4.1302276,50.6714668,,
1457,0,0,0,4.69732,50.6311607,,
4430,0,0,0,5.5283036,50.6582031,,
4431,0,0,0,5.4965591,50.6661949,,
4432,0,0,0,5.5008769,50.6925125,,
4340,0,0,0,5.4551597,50.6938324,,
4342,0,0,0,5.45577,50.6835022,,
4920,0,0,0,5.701592,50.4574814,,
4690,0,0,0,5.6101804,50.765625,,
4610,0,0,0,5.6617599,50.628521,,
4050,0,0,0,5.6444259,50.5852127,,
4051,0,0,0,5.6341424,50.6019592,,
4052,0,0,0,5.6376939,50.5618248,,
4053,0,0,0,5.6067781,50.5906143,,
4170,0,0,0,5.5817914,50.4756737,,
4171,0,0,0,5.5738335,50.5025826,,
4606,0,0,0,5.7504015,50.695343,,
4607,0,0,0,5.7365065,50.724102,,
4608,0,0,0,5.780839,50.7229767,,
4130,0,0,0,5.5688672,50.5376587,,
4620,0,0,0,5.683074,50.6182137,,
4621,0,0,0,5.6984048,50.6289825,,
4623,0,0,0,5.6864657,50.6012611,,
4626,0,0,0,5.6653581,50.6042175,,
4040,0,0,0,5.6244678,50.6790543,,
4041,0,0,0,5.5883937,50.681736,,
4042,0,0,0,5.5710831,50.6918144,,
4450,0,0,0,5.5414019,50.7160454,,
4451,0,0,0,5.5481749,50.6892891,,
4452,0,0,0,5.5108032,50.7275467,,
4453,0,0,0,5.5469184,50.7104759,,
4458,0,0,0,5.5771589,50.7135086,,
4000,0,0,0,5.5678353,50.6471748,,
4020,0,0,0,5.6256409,50.6460342,,
4030,0,0,0,5.6117778,50.6260834,,
4031,0,0,0,5.5774074,50.5917892,,
4032,0,0,0,5.6235676,50.6140366,,
4680,0,0,0,5.6230083,50.7111549,,
4681,0,0,0,5.6751771,50.7160797,,
4682,0,0,0,5.6230822,50.7331047,,
4683,0,0,0,5.6542945,50.6964264,,
4684,0,0,0,5.6590314,50.7357445,,
4420,0,0,0,5.5263906,50.6321411,,
4100,0,0,0,5.5121827,50.5827942,,
4101,0,0,0,5.4978623,50.6181564,,
4102,0,0,0,5.5465045,50.5949097,,
4630,0,0,0,5.7346063,50.6171951,,
4631,0,0,0,5.7033806,50.646225,,
4632,0,0,0,5.7220931,50.6532402,,
4633,0,0,0,5.7453127,50.643589,,
4140,0,0,0,5.6456099,50.515831,,
4141,0,0,0,5.7171469,50.5274391,,
4600,0,0,0,5.6891198,50.7534447,,
4601,0,0,0,5.688159,50.7022133,,
4602,0,0,0,5.6758599,50.6837883,,
4460,0,0,0,5.4392891,50.6376762,,
4090,0,0,0,5.6770272,50.6540375,,
4670,0,0,0,5.7339501,50.6828423,,
4671,0,0,0,5.6844702,50.6630898,,
4672,0,0,0,5.7071867,50.6933784,,
4400,0,0,0,5.4411836,50.5970192,,
4120,0,0,0,5.4752731,50.5350685,,
4121,0,0,0,5.4699688,50.5542259,,
4122,0,0,0,5.5279565,50.5438461,,
4870,0,0,0,5.7075505,50.5681076,,
6700,0,0,0,5.7686253,49.6774139,,
6704,0,0,0,5.8586612,49.7124138,,
6706,0,0,0,5.8621597,49.6543159,,
6717,0,0,0,5.7575374,49.7454605,,
6790,0,0,0,5.8045831,49.5658913,,
6791,0,0,0,5.8440495,49.5707092,,
6792,0,0,0,5.7476454,49.5786972,,
6630,0,0,0,5.7249732,49.8111763,,
6780,0,0,0,5.8185287,49.6170654,,
6781,0,0,0,5.8550148,49.6117134,,
6782,0,0,0,5.7646065,49.6101532,,
6600,0,0,0,5.761621,50.0157166,,
6686,0,0,0,5.6065564,50.0634499,,
6687,0,0,0,5.6782203,50.0897827,,
6688,0,0,0,5.6707258,50.042572,,
6637,0,0,0,5.6966457,49.8770332,,
6660,0,0,0,5.71069,50.1479988,,
6661,0,0,0,5.7756596,50.1796799,,
6662,0,0,0,5.8440442,50.1045952,,
6663,0,0,0,5.729322,50.1134338,,
6666,0,0,0,5.7210088,50.1676674,,
6690,0,0,0,5.8549919,50.2636414,,
6692,0,0,0,5.988121,50.2811813,,
6698,0,0,0,5.9074235,50.3237305,,
6640,0,0,0,5.6193228,49.9433632,,
6642,0,0,0,5.5459633,49.8909416,,
6670,0,0,0,5.9240966,50.1553841,,
6671,0,0,0,5.929656,50.2272606,,
6672,0,0,0,5.9950395,50.2029495,,
6673,0,0,0,5.8712301,50.1711426,,
6674,0,0,0,5.839097,50.2077637,,
6680,0,0,0,5.5526614,50.0117607,,
6681,0,0,0,5.4803624,50.0502663,,
6940,0,0,0,5.4592438,50.3360405,,
6941,0,0,0,5.5118003,50.3806152,,
6997,0,0,0,5.5578575,50.2965164,,
6990,0,0,0,5.4327302,50.2674637,,
6980,0,0,0,5.5586038,50.1707687,,
6982,0,0,0,5.6706743,50.20224,,
6983,0,0,0,5.6286607,50.130188,,
6984,0,0,0,5.5743155,50.1498413,,
6986,0,0,0,5.5090699,50.1737633,,
6900,0,0,0,5.3436456,50.2092667,,
6950,0,0,0,5.3638206,50.1384201,,
6951,0,0,0,5.4308267,50.1456375,,
6952,0,0,0,5.3926706,50.1459694,,
6953,0,0,0,5.3030047,50.1264534,,
6987,0,0,0,5.5177011,50.2187462,,
6970,0,0,0,5.4602613,50.083931,,
6971,0,0,0,5.4837623,50.1174202,,
6972,0,0,0,5.5538688,50.1123314,,
6960,0,0,0,5.6629844,50.2892189,,
6880,0,0,0,5.246346,49.8540382,,
6830,0,0,0,5.0964723,49.7860603,,
6831,0,0,0,5.1078935,49.8133163,,
6832,0,0,0,5.0722785,49.8194504,,
6833,0,0,0,5.0496192,49.8479309,,
6834,0,0,0,5.1192222,49.8398705,,
6836,0,0,0,5.1355357,49.79282,,
6838,0,0,0,5.0177321,49.7951775,,
6929,0,0,0,5.0665874,50.0042534,,
6887,0,0,0,5.3095412,49.7953072,,
6860,0,0,0,5.566925,49.8098946,,
6890,0,0,0,5.2381868,49.9780502,,
6840,0,0,0,5.4335027,49.8510056,,
6850,0,0,0,5.1248107,49.8935814,,
6851,0,0,0,5.1137929,49.8656578,,
6852,0,0,0,5.1432004,49.9572029,,
6853,0,0,0,5.1612182,49.9260826,,
6856,0,0,0,5.1583018,49.8543015,,
6870,0,0,0,5.345674,50.0379257,,
6927,0,0,0,5.2255778,50.0753975,,
6920,0,0,0,5.0794683,50.0613823,,
6921,0,0,0,5.1552234,50.0664444,,
6922,0,0,0,5.1311636,50.0595322,,
6924,0,0,0,5.0851445,50.0523262,,
6800,0,0,0,5.4224629,49.9461594,,
6810,0,0,0,5.373405,49.7120209,,
6811,0,0,0,5.4215989,49.7105064,,
6812,0,0,0,5.4155712,49.7462006,,
6813,0,0,0,5.4588027,49.707325,,
6740,0,0,0,5.58956,49.6661606,,
6741,0,0,0,5.6692619,49.6669922,,
6742,0,0,0,5.6608634,49.6489029,,
6743,0,0,0,5.5984721,49.6401596,,
6820,0,0,0,5.2326064,49.7236366,,
6821,0,0,0,5.298336,49.7429733,,
6823,0,0,0,5.3633833,49.6398811,,
6824,0,0,0,5.2693677,49.710228,,
6769,0,0,0,5.4699645,49.6036758,,
6750,0,0,0,5.6810594,49.5694771,,
6747,0,0,0,5.6765428,49.6182976,,
6730,0,0,0,5.4845395,49.6858826,,
6760,0,0,0,5.5830874,49.5798149,,
6761,0,0,0,5.566977,49.5598221,,
6762,0,0,0,5.5305934,49.5415993,,
6720,0,0,0,5.6638269,49.7357712,,
6721,0,0,0,5.6201277,49.7680206,,
6723,0,0,0,5.6155009,49.7187271,,
6724,0,0,0,5.5609365,49.7346725,,
6767,0,0,0,5.4838295,49.5354462,,
5537,0,0,0,4.809999,50.3187485,,
5570,0,0,0,4.9309888,50.0887451,,
5571,0,0,0,4.9783907,50.1451683,,
5572,0,0,0,5.0444975,50.1273956,,
5573,0,0,0,5.0070448,50.1264153,,
5574,0,0,0,5.0034542,50.0887985,,
5576,0,0,0,5.0016298,50.0504036,,
5555,0,0,0,5.0196576,49.92202,,
5590,0,0,0,5.122561,50.2694893,,
5500,0,0,0,4.9156027,50.2356071,,
5501,0,0,0,4.9526587,50.289196,,
5502,0,0,0,4.992578,50.2859688,,
5503,0,0,0,4.9971972,50.2608643,,
5504,0,0,0,4.9877272,50.2396851,,
5575,0,0,0,4.9028025,49.984375,,
5360,0,0,0,5.1083169,50.3456535,,
5361,0,0,0,5.2012181,50.3136215,,
5362,0,0,0,5.172646,50.3303223,,
5363,0,0,0,5.113883,50.3351288,,
5364,0,0,0,5.124661,50.3654976,,
5370,0,0,0,5.2318873,50.3614616,,
5372,0,0,0,5.3410401,50.3601685,,
5374,0,0,0,5.3154268,50.3536797,,
5376,0,0,0,5.2431855,50.3678207,,
5560,0,0,0,4.9816575,50.1793861,,
5561,0,0,0,5.0071259,50.2231827,,
5562,0,0,0,5.059514,50.2105255,,
5563,0,0,0,5.0309172,50.162323,,
5564,0,0,0,5.0670872,50.1495705,,
5520,0,0,0,4.8122506,50.2422791,,
5521,0,0,0,4.7763205,50.2572861,,
5522,0,0,0,4.7971978,50.2847252,,
5523,0,0,0,4.8380828,50.2716675,,
5524,0,0,0,4.811903,50.2409439,,
5580,0,0,0,5.1692448,50.1569214,,
5377,0,0,0,5.3188539,50.2997208,,
5530,0,0,0,4.9407024,50.3252411,,
5540,0,0,0,4.8287497,50.2131844,,
5541,0,0,0,4.832684,50.2078743,,
5542,0,0,0,4.8406777,50.1920395,,
5543,0,0,0,4.8445549,50.1654472,,
5544,0,0,0,4.792397,50.1633568,,
5550,0,0,0,4.9157767,49.850174,,
5300,0,0,0,5.0578551,50.4867287,,
5330,0,0,0,4.9728513,50.3747749,,
5332,0,0,0,4.9615254,50.3511086,,
5333,0,0,0,5.024816,50.3896179,,
5334,0,0,0,5.0727997,50.3730125,,
5336,0,0,0,4.9960613,50.3952065,,
5310,0,0,0,4.8940282,50.5867271,,
5150,0,0,0,4.7557197,50.4349098,,
5070,0,0,0,4.6809821,50.3933067,,
5340,0,0,0,5.0532842,50.4224625,,
5640,0,0,0,4.6660285,50.3327332,,
5641,0,0,0,4.7030306,50.3094597,,
5644,0,0,0,4.723896,50.2889252,,
5646,0,0,0,4.66084,50.2787704,,
5000,0,0,0,4.8701882,50.4614449,,
5001,0,0,0,4.8217154,50.4699135,,
5002,0,0,0,4.8383846,50.478672,,
5003,0,0,0,4.8469706,50.4943542,,
5004,0,0,0,4.893743,50.4788628,,
5020,0,0,0,4.8123302,50.4762421,,
5021,0,0,0,4.9489379,50.4918594,,
5022,0,0,0,4.9069037,50.5170135,,
5024,0,0,0,4.9542971,50.5114555,,
5100,0,0,0,4.8959842,50.4226265,,
5101,0,0,0,4.9321713,50.4568176,,
5350,0,0,0,5.156096,50.4223289,,
5351,0,0,0,5.1473217,50.4418182,,
5352,0,0,0,5.175364,50.4602776,,
5353,0,0,0,5.2084007,50.4524689,,
5354,0,0,0,5.1864834,50.437294,,
5170,0,0,0,4.8283515,50.3751526,,
5140,0,0,0,4.6026282,50.5266037,,
5060,0,0,0,4.6207042,50.4464684,,
5380,0,0,0,4.9872475,50.5539169,,
5190,0,0,0,4.6761861,50.471714,,
5080,0,0,0,4.8305564,50.519577,,
5081,0,0,0,4.7871227,50.5407562,,
5030,0,0,0,4.705586,50.5668068,,
5031,0,0,0,4.7683377,50.5805359,,
5032,0,0,0,4.688622,50.5230408,,
5630,0,0,0,4.4368253,50.179493,,
5660,0,0,0,4.4809346,50.0379333,,
5680,0,0,0,4.6988764,50.1442261,,
5620,0,0,0,4.6557236,50.2410545,,
5621,0,0,0,4.5571117,50.2925339,,
5600,0,0,0,4.5879378,50.169239,,
5650,0,0,0,4.4244971,50.2509918,,
5651,0,0,0,4.4513469,50.2909393,,
5670,0,0,0,4.6252861,50.0538063,,
2590,352,14,24.51884264,4.6561775,51.1072159,,
2820,562,69,28.33102578,4.5708652,51.0208244,,
2880,857,71,45.28120679,4.2429204,51.0954704,,
2570,545,36,21.89395139,4.5142484,51.0957642,,
2220,735,24,35.82837623,4.7280478,51.0671959,,
2221,224,24,11.77992874,4.7672586,51.0463028,,
2222,241,13,28.01811952,4.748322,51.1048393,,
2223,171,5,11.03174367,4.6978197,51.0286751,,
2500,1.190,44,50.85677052,4.5739589,51.1183357,,
2800,2.406,360,31.85697848,4.4651065,51.03508,,
2801,65,7,6.954392582,4.4096751,51.0488091,,
2811,189,27,19.00849797,4.4119906,51.0179214,,
2812,161,30,7.427638695,4.5217566,51.0088348,,
2560,762,18,39.16627054,4.6636605,51.1508789,,
2580,491,20,34.18212781,4.6365156,51.0506973,,
2870,525,50,32.13831028,4.3056412,51.0659142,,
2890,300,33,15.63103168,4.2309113,51.0511551,,
2860,483,28,23.27545753,4.5147257,51.0642014,,
2861,158,16,12.88371466,4.575212,51.0589905,,
2830,750,102,24.20942544,4.3686104,51.0539856,,
2370,436,50,55.00278181,5.0855002,51.3347664,,
2387,50,4,5.596528739,4.9039779,51.4163361,,
2490,572,33,55.30081809,5.1896191,51.1662827,,
2491,133,12,17.00856194,5.1614289,51.1331444,,
2340,572,10,37.33464631,4.8233533,51.3143501,,
2480,354,33,26.08287781,5.1223173,51.2415581,,
2440,1.246,220,113.5590005,4.9847808,51.1665115,,
2280,313,31,18.49468344,4.74015,51.1851234,,
2288,96,8,6.586464584,4.7364292,51.1620483,,
2200,977,110,47.43880734,4.8277736,51.1639214,,
2270,287,30,23.61735538,4.75985,51.1391373,,
2230,427,26,52.35846457,4.883029,51.047287,,
2320,280,14,13.04776368,4.7428608,51.3993988,,
2321,210,13,34.19500059,4.7275815,51.4523048,,
2322,102,7,15.98919559,4.7712193,51.4301949,,
2323,41,1,7.610840857,4.8096056,51.3994827,,
2328,126,3,23.89009076,4.8004441,51.4729195,,
2235,298,24,17.38985118,4.8123665,51.0628357,,
2460,592,59,59.68925838,4.9421306,51.243309,,
2275,493,38,58.48977192,4.8343053,51.2558174,,
2450,283,14,29.70652148,5.0735397,51.1245422,,
2330,245,12,43.86723745,4.8701782,51.370472,,
2400,1.087,274,68.20670712,5.152832,51.2336769,,
2250,362,38,21.56635708,4.8858476,51.1635056,,
2360,417,34,37.32990587,5.0044627,51.3207283,,
2380,160,9,23.07201696,5.022759,51.3781509,,
2381,145,16,37.21004252,5.0060792,51.4113121,,
2382,134,7,31.301569,5.0521483,51.449707,,
2470,307,43,46.82656062,5.0770569,51.2670975,,
2310,342,12,46.90216246,4.7673888,51.3550568,,
2300,1.395,159,56.62787356,4.9401975,51.3290672,,
2290,198,11,27.63794041,4.7729907,51.2176781,,
2350,395,34,11.37143806,4.8852758,51.3054161,,
2260,871,50,52.65978172,4.8818569,51.1063728,,
2430,319,10,24.86605695,5.0288124,51.0916023,,
2431,166,8,15.53039676,4.9736567,51.066021,,
7800,0,0,0,3.7853365,50.6348305,,
7801,0,0,0,3.7540421,50.6212006,,
7802,0,0,0,3.729528,50.5864525,,
7803,0,0,0,3.7558942,50.6530075,,
7804,0,0,0,3.7673435,50.6749153,,
7810,0,0,0,3.8049159,50.6179123,,
7811,0,0,0,3.8216331,50.6190147,,
7812,0,0,0,3.7090371,50.636692,,
7822,0,0,0,3.8449547,50.6552811,,
7823,0,0,0,3.8883789,50.6350822,,
7970,0,0,0,3.7329514,50.5348663,,
7971,0,0,0,3.6428673,50.5352402,,
7972,0,0,0,3.6906953,50.5441475,,
7973,0,0,0,3.7145383,50.5019379,,
7320,0,0,0,3.6657772,50.4772873,,
7321,0,0,0,3.6568623,50.5020218,,
7322,0,0,0,3.7270091,50.4675407,,
7940,0,0,0,3.8708801,50.5929871,,
7941,0,0,0,3.833611,50.6094322,,
7942,0,0,0,3.8533931,50.616703,,
7943,0,0,0,3.8932762,50.6083221,,
7950,0,0,0,3.7858732,50.5687714,,
7951,0,0,0,3.7684038,50.5906868,,
7890,0,0,0,3.698801,50.7206726,,
7880,0,0,0,3.731674,50.75354,,
7910,0,0,0,3.5453806,50.6912727,,
7911,0,0,0,3.6322935,50.668396,,
7912,0,0,0,3.5981629,50.7137985,,
7300,0,0,0,3.7887414,50.4287453,,
7301,0,0,0,3.8208914,50.4240417,,
7370,0,0,0,3.7871082,50.3873291,,
7080,0,0,0,3.886503,50.3900223,,
7350,0,0,0,3.7135177,50.4358826,,
7050,0,0,0,3.9011505,50.5252457,,
7870,0,0,0,3.9114566,50.5703545,,
7000,0,0,0,3.9684975,50.4562111,,
7010,0,0,0,3.9828606,50.4999428,,
7011,0,0,0,3.9009902,50.481102,,
7012,0,0,0,3.8944931,50.4447212,,
7020,0,0,0,3.9717295,50.4911308,,
7021,0,0,0,4.0447726,50.4591751,,
7022,0,0,0,3.9926522,50.4102211,,
7024,0,0,0,3.9451284,50.4126511,,
7030,0,0,0,4.0138435,50.4387169,,
7031,0,0,0,4.046598,50.428627,,
7032,0,0,0,3.9905372,50.4241066,,
7033,0,0,0,3.923573,50.4337196,,
7034,0,0,0,4.0107393,50.4854012,,
7390,0,0,0,3.8587224,50.4377289,,
7380,0,0,0,3.6956844,50.4001045,,
7382,0,0,0,3.723546,50.3827896,,
7330,0,0,0,3.8171723,50.4500847,,
7331,0,0,0,3.8410411,50.4838562,,
7332,0,0,0,3.7822533,50.514122,,
7333,0,0,0,3.8008268,50.4658279,,
7334,0,0,0,3.7674825,50.475666,,
7340,0,0,0,3.8441913,50.405674,,
7387,0,0,0,3.7247713,50.3515091,,
7040,0,0,0,3.9235859,50.3649178,,
7041,0,0,0,4.0090723,50.3695831,,
7700,6,1,0.353219986,3.2233541,50.7429428,,
7711,0,0,0,3.2938533,50.7343369,,
7712,0,0,0,3.2406483,50.7218285,,
7780,0,0,0,2.9973912,50.7848167,,
7781,0,0,0,2.966697,50.7894402,,
7782,0,0,0,2.8781064,50.7275276,,
7784,0,0,0,2.9313712,50.7454529,,
7090,0,0,0,4.1423578,50.6161537,,
7850,0,0,0,4.0300603,50.6776161,,
7100,0,0,0,4.1778264,50.4673767,,
7110,0,0,0,4.1350508,50.4794922,,
7860,0,0,0,3.827569,50.7078362,,
7861,0,0,0,3.7968721,50.6928596,,
7862,0,0,0,3.7749927,50.7209663,,
7863,0,0,0,3.8052588,50.7355995,,
7864,0,0,0,3.8646595,50.7321968,,
7866,0,0,0,3.8715012,50.6934166,,
7070,0,0,0,4.1063128,50.5073586,,
7830,0,0,0,3.9590218,50.6486588,,
7060,0,0,0,4.0478315,50.5906639,,
7061,0,0,0,4.0313292,50.5216331,,
7062,0,0,0,4.1009097,50.5479774,,
7063,0,0,0,4.0015097,50.5708733,,
7190,0,0,0,4.1734529,50.5605087,,
7191,0,0,0,4.2022786,50.5710258,,
6150,0,0,0,4.265614,50.403614,,
6500,0,0,0,4.2560716,50.2222481,,
6511,0,0,0,4.2799678,50.2760239,,
7130,0,0,0,4.1222687,50.424675,,
7131,0,0,0,4.1501598,50.4040337,,
7133,0,0,0,4.2024169,50.3799133,,
7134,0,0,0,4.1913786,50.4223518,,
6460,0,0,0,4.271317,50.0713272,,
6461,0,0,0,4.334167,50.077549,,
6462,0,0,0,4.3645959,50.0636292,,
6463,0,0,0,4.3826532,50.0728989,,
6464,0,0,0,4.3704653,49.9953384,,
6560,0,0,0,4.138649,50.3039284,,
6440,0,0,0,4.3469958,50.1618996,,
6441,0,0,0,4.3528967,50.2025986,,
6540,0,0,0,4.2617965,50.3656006,,
6542,0,0,0,4.2167583,50.3386116,,
6543,0,0,0,4.214395,50.3550186,,
6567,0,0,0,4.194746,50.3209763,,
6590,0,0,0,4.176168,50.0216331,,
6591,0,0,0,4.2059817,50.0363045,,
6592,0,0,0,4.2241926,50.0317688,,
6593,0,0,0,4.1986761,49.9772835,,
6594,0,0,0,4.1623573,50.0053177,,
6596,0,0,0,4.259779,49.9901085,,
6530,0,0,0,4.2913399,50.3397751,,
6531,0,0,0,4.3116994,50.318119,,
6532,0,0,0,4.2699819,50.3120918,,
6533,0,0,0,4.2615228,50.3234215,,
6534,0,0,0,4.3467269,50.3486557,,
6536,0,0,0,4.331336,50.2956772,,
7120,0,0,0,4.100564,50.3786545,,
6120,0,0,0,4.4138951,50.3274002,,
7140,0,0,0,4.2359538,50.4566078,,
7141,0,0,0,4.2501531,50.4392586,,
6470,0,0,0,4.2104254,50.159996,,
7640,0,0,0,3.4734607,50.5520706,,
7641,0,0,0,3.4260225,50.5599785,,
7642,0,0,0,3.4317505,50.5752983,,
7643,0,0,0,3.4767287,50.566227,,
7760,0,0,0,3.4490216,50.7037544,,
7730,0,0,0,3.2884407,50.6876335,,
7740,0,0,0,3.3358152,50.6908646,,
7742,0,0,0,3.3689399,50.693306,,
7743,0,0,0,3.3715224,50.6620712,,
7600,0,0,0,3.5926533,50.5120811,,
7601,0,0,0,3.5864446,50.529335,,
7602,0,0,0,3.59723,50.5448341,,
7603,0,0,0,3.6135092,50.4983215,,
7604,0,0,0,3.5516896,50.5489807,,
7608,0,0,0,3.5317786,50.507534,,
7610,0,0,0,3.3063211,50.552681,,
7611,0,0,0,3.3069594,50.5292969,,
7618,0,0,0,3.3403907,50.5452385,,
7500,0,0,0,3.3875821,50.5919838,,
7501,0,0,0,3.3220732,50.6022606,,
7502,0,0,0,3.2956965,50.5761948,,
7503,0,0,0,3.346561,50.6248932,,
7504,0,0,0,3.33093,50.5809059,,
7506,0,0,0,3.3518176,50.5734673,,
7520,0,0,0,3.2951005,50.6467438,,
7521,0,0,0,3.4122741,50.5861969,,
7522,0,0,0,3.2982399,50.6241264,,
7530,0,0,0,3.4830997,50.5952835,,
7531,0,0,0,3.4739976,50.6215477,,
7532,0,0,0,3.5217502,50.6237679,,
7533,0,0,0,3.5234683,50.6416435,,
7534,0,0,0,3.5449586,50.6025658,,
7536,0,0,0,3.4414492,50.5912094,,
7538,0,0,0,3.5084596,50.5724258,,
7540,0,0,0,3.4320347,50.6381798,,
7542,0,0,0,3.4107904,50.6654472,,
7543,0,0,0,3.4384801,50.656559,,
7548,0,0,0,3.4326484,50.6108627,,
7620,0,0,0,3.3967636,50.536438,,
7621,0,0,0,3.3874745,50.520668,,
7622,0,0,0,3.4445674,50.5227585,,
7623,0,0,0,3.3854704,50.5060349,,
7624,0,0,0,3.3499124,50.5161667,,
7900,0,0,0,3.6239505,50.605854,,
7901,0,0,0,3.5947771,50.6204758,,
7903,0,0,0,3.6688683,50.6015968,,
7904,0,0,0,3.6079144,50.5739136,,
7906,0,0,0,3.5742502,50.6035576,,
7750,0,0,0,3.5045457,50.7381172,,
9300,1.168,188,16.56407252,4.0469894,50.9417877,,
9308,298,29,11.31403296,4.0359435,50.9744301,,
9310,365,39,27.56002982,4.1124005,50.9514465,,
9320,590,51,16.67625977,4.0403562,50.9182854,,
9470,276,33,5.509511083,4.0687714,50.8842506,,
9472,67,5,2.798645318,4.0446277,50.8745689,,
9473,141,17,2.585272267,4.0502295,50.8980942,,
9500,637,51,46.11581875,3.8847775,50.7707787,,
9506,216,29,25.44357249,3.9382899,50.7953529,,
9450,417,34,26.78911203,3.9945769,50.8846817,,
9451,60,4,3.168340951,3.9811742,50.8849487,,
9550,334,31,37.08467694,3.8908775,50.8646126,,
9551,43,6,3.916233182,3.9112806,50.8933334,,
9552,49,4,3.850289941,3.8892851,50.9085884,,
9340,449,54,28.26081328,3.9456105,50.9661407,,
9400,688,81,38.02761092,4.0025539,50.823513,,
9401,38,5,3.553874791,4.0057931,50.8175011,,
9402,136,26,7.581723392,4.0479174,50.8199654,,
9403,14,1,1.059847653,4.0616307,50.8022308,,
9404,28,3,2.14338395,3.9466312,50.8428917,,
9406,74,8,4.312389821,3.990422,50.8445854,,
9520,231,31,20.24559124,3.8761177,50.9309769,,
9521,26,3,3.784145474,3.87467,50.9313469,,
9620,732,104,54.27363753,3.8054838,50.8677063,,
9420,593,62,30.75565064,3.9520221,50.9216156,,
9290,407,41,37.42630613,3.9792414,51.0362625,,
9255,375,22,25.60833733,4.1991444,51.0118294,,
9200,1.312,89,54.4147552,4.0905523,51.0275803,,
9220,765,40,40.71622935,4.1399632,51.0780067,,
9270,414,30,30.43027279,3.8841472,51.042347,,
9280,480,38,24.67493167,4.1188293,50.9925652,,
9250,354,58,32.21925271,4.0748963,51.1186523,,
9230,735,89,36.23135766,3.8702223,50.9943771,,
9260,301,26,18.48853929,3.9534624,50.998745,,
9240,659,25,32.04470193,4.0359821,51.0673904,,
9960,178,15,32.13630444,3.7561789,51.22826,,
9961,52,3,16.28302711,3.7104859,51.2560234,,
9968,134,9,37.00961977,3.6827664,51.2142525,,
9900,527,35,28.98625638,3.562402,51.1942978,,
9970,57,1,14.73879546,3.6164372,51.2271652,,
9971,87,1,18.88639963,3.6357591,51.1931686,,
9990,504,17,60.01752922,3.4328463,51.1995659,,
9991,192,4,24.19362976,3.5027683,51.1821785,,
9992,18,2,5.88754043,3.4082887,51.2518768,,
9980,77,2,20.2667948,3.5371993,51.2327423,,
9981,18,0,10.55597097,3.539809,51.2703857,,
9982,28,0,12.63493574,3.5766864,51.2594147,,
9988,69,6,30.06088317,3.6266689,51.2759666,,
9060,365,19,13.59874021,3.8085186,51.1990433,,
9770,277,1,34.44554788,3.5299339,50.9161301,,
9771,19,0,6.973398894,3.5026367,50.8829117,,
9772,14,1,5.883437425,3.5578024,50.8892708,,
9700,979,6,61.82883409,3.6210287,50.8534775,,
9600,592,36,34.14911981,3.6075537,50.749691,,
9750,220,4,24.31357813,3.6222599,50.9083061,,
9660,310,45,53.87417511,3.7553096,50.7985382,,
9661,18,4,3.504341304,3.8006845,50.7877007,,
9690,148,7,30.41913322,3.5301299,50.7796593,,
9790,146,0,41.99636322,3.5276847,50.8483849,,
9667,60,9,11.22558212,3.6945422,50.8320885,,
9570,124,16,16.66700509,3.8401365,50.8060913,,
9571,18,2,1.551980257,3.8630965,50.809021,,
9572,51,3,6.887136668,3.8171427,50.8026772,,
9680,66,0,21.28898589,3.6385126,50.8050537,,
9681,65,0,12.42671311,3.6038098,50.7835464,,
9688,43,0,12.37624812,3.6829796,50.7899475,,
9630,170,12,27.11167048,3.7275918,50.8760872,,
9636,27,5,2.45752871,3.6893306,50.888279,,
9120,1.269,80,60.86719798,4.2434535,51.2136383,,
9130,241,15,60.48057851,4.2314272,51.2867241,,
9150,527,33,33.43877932,4.2916441,51.1578407,,
9160,1.126,148,65.92824993,3.9613121,51.1133881,,
9170,536,21,51.68828488,4.1189156,51.2294998,,
9100,1.776,179,40.5216011,4.1621351,51.1707993,,
9111,238,10,19.27672954,4.0899916,51.1574211,,
9112,166,6,22.27080286,4.0291653,51.1600571,,
9190,584,21,41.08303908,4.0285616,51.2123108,,
9140,1.138,121,37.74671866,4.2054849,51.133049,,
8600,335,16,136.9663328,2.8541627,51.0474358,,
8650,192,13,53.22327586,2.8964407,50.9700699,,
8680,190,14,34.00513344,2.9637547,51.0890846,,
8610,259,9,52.51304182,3.0018868,51.0247879,,
8647,53,6,63.65010744,2.7753189,50.96064,,
8900,710,48,37.51719735,2.8715119,50.8495331,,
8902,75,5,35.055548,2.9161115,50.8227654,,
8904,68,4,11.37037077,2.8590465,50.9011002,,
8906,21,3,14.01176795,2.8081195,50.8816299,,
8908,66,6,20.79405782,2.8207078,50.846981,,
8957,11,1,3.169108957,2.8976748,50.7597084,,
8970,396,37,61.22821894,2.7313266,50.8467064,,
8972,61,2,33.5470572,2.6522059,50.8976479,,
8978,43,5,24.90422755,2.6407413,50.8471832,,
8940,352,32,43.7270122,3.0565174,50.810154,,
8980,257,31,63.19449446,3.0036273,50.8664284,,
8950,25,6,17.48988849,2.8245013,50.7375832,,
8951,12,1,6.956567049,2.7941189,50.7609749,,
8952,2,0,0.155908898,2.8421149,50.766861,,
8953,37,6,26.34280804,2.902674,50.7828293,,
8954,50,5,16.52688253,2.758141,50.8004608,,
8956,20,1,4.056369126,2.8357482,50.7900162,,
8958,10,1,3.948890924,2.7834568,50.7819519,,
8920,144,16,52.37412192,2.9292307,50.9159355,,
8640,67,6,38.51981838,2.7416553,50.9137192,,
8570,268,24,30.41299377,3.4455867,50.8375778,,
8572,20,4,4.09624055,3.4945149,50.8143501,,
8573,56,2,7.847831607,3.4653454,50.812458,,
8580,156,11,10.20641708,3.4483705,50.7775192,,
8581,38,2,6.515826039,3.4906445,50.7961082,,
8582,21,3,3.250838012,3.4264021,50.7587929,,
8583,3,0,0.282572344,3.4052534,50.7490082,,
8540,262,19,17.00845039,3.3662183,50.8425331,,
8530,438,34,12.74881029,3.3176117,50.8434525,,
8531,165,9,14.3587196,3.2969296,50.8844337,,
8500,1.118,54,22.53418076,3.276469,50.8154411,,
8501,412,29,14.57660832,3.2319424,50.8461952,,
8510,380,52,35.09210551,3.2790954,50.7751846,,
8511,49,5,5.494822323,3.2239842,50.7764397,,
8520,301,25,10.1457533,3.2715466,50.860199,,
8860,103,11,13.53709421,3.2319343,50.8859787,,
8930,566,54,32.43857809,3.1543734,50.7924767,,
8790,726,7,26.76551747,3.4263892,50.8785133,,
8791,148,8,6.406531766,3.3450129,50.8723602,,
8792,147,3,6.816860199,3.3673565,50.8852921,,
8793,75,4,3.118450284,3.3970749,50.9010811,,
8560,735,63,34.14215399,3.1738613,50.8312531,,
8550,313,22,15.7832633,3.3393316,50.805439,,
8551,66,10,13.01898409,3.3992934,50.7938232,,
8552,83,3,10.32507154,3.3858798,50.7732162,,
8553,50,11,7.694685698,3.4214776,50.8083954,,
8554,53,8,16.52461633,3.3519151,50.7626495,,
8587,39,2,10.81137064,3.3626723,50.7304001,,
8450,443,24,13.06276262,2.9775033,51.2367477,,
8470,300,18,30.93798002,2.9432516,51.1511497,,
8480,375,20,42.08585717,3.0308135,51.1126823,,
8430,136,5,4.239370897,2.8136625,51.1824455,,
8431,21,1,4.182900958,2.8369374,51.1781464,,
8432,62,2,20.21821766,2.881253,51.1675148,,
8433,30,1,31.79695846,2.8392496,51.1352005,,
8434,156,12,8.191862017,2.7728546,51.1551018,,
8400,1.978,73,35.57619835,2.9258435,51.2098808,,
8460,252,14,30.17795746,3.0123076,51.1860428,,
8420,273,14,23.11407736,3.0374646,51.2566605,,
8421,57,4,16.11410242,3.0625584,51.2626686,,
8830,227,14,36.12886736,3.0822771,50.9894028,,
8770,244,18,16.00262035,3.2605801,50.9214706,,
8870,625,44,25.10307499,3.2054629,50.9211388,,
8880,146,6,24.84428813,3.1493368,50.8718987,,
8810,187,15,26.13159713,3.1461484,51.0278511,,
8890,234,16,35.47549227,3.0790353,50.8809013,,
8800,1.448,146,59.48164356,3.1335163,50.9368782,,
8840,202,17,46.8315317,3.0189145,50.9537125,,
8720,198,1,25.00609978,3.406563,50.9532394,,
8760,259,5,28.24483357,3.2950504,50.9509468,,
8780,195,2,15.14071915,3.3372762,50.9305801,,
8740,146,3,34.67341305,3.2656245,51.0009727,,
8755,121,0,29.25405496,3.3824365,51.055191,,
8700,478,7,68.88839307,3.3636701,51.0065269,,
8710,193,2,20.41862174,3.3668008,50.9122505,,
8750,336,35,68.49344693,3.2600815,51.0595016,,
8850,177,28,24.41160882,3.2045336,50.9707527,,
8851,36,8,10.51982582,3.1996288,51.0069389,,
8690,47,3,22.71226449,2.7130382,51.0056458,,
8691,57,0,49.38708095,2.6552,50.956665,,
8660,201,11,16.41565686,2.5894701,51.0788727,,
8670,500,31,35.22786561,2.6823056,51.1096077,,
8620,249,26,25.73958154,2.7674007,51.1232338,,
8630,253,15,79.13393216,2.6645732,51.0465584,,
4540,0,0,0,5.3115911,50.5529938,,
4210,0,0,0,5.099369,50.5825119,,
4560,0,0,0,5.3358283,50.4129944,,
4190,0,0,0,5.6205812,50.4072342,,
4180,0,0,0,5.5482941,50.4409904,,
4181,0,0,0,5.5766306,50.4255562,,
4217,0,0,0,5.0895643,50.5505524,,
4218,0,0,0,5.1277308,50.5262794,,
4500,0,0,0,5.2221613,50.50877,,
4570,0,0,0,5.2392707,50.467556,,
4577,0,0,0,5.3017874,50.4736137,,
4550,0,0,0,5.400795,50.5172043,,
4590,0,0,0,5.465724,50.4447098,,
4537,0,0,0,5.3020468,50.6088028,,
4530,0,0,0,5.242682,50.5933075,,
4520,0,0,0,5.1980772,50.5502701,,
4160,0,0,0,5.5210476,50.4786987,,
4161,0,0,0,5.5125675,50.5023499,,
4162,0,0,0,5.4980731,50.4867897,,
4163,0,0,0,5.4735241,50.4970207,,
4480,0,0,0,5.3887315,50.5575371,,
4557,0,0,0,5.3801613,50.4752922,,
4770,0,0,0,6.1662583,50.3390541,,
4771,0,0,0,6.2229524,50.3634834,,
4880,0,0,0,5.8511877,50.7005081,,
4837,0,0,0,6.0446959,50.5830879,,
4760,0,0,0,6.3173814,50.3724174,,
4761,0,0,0,6.3056102,50.4517326,,
4750,0,0,0,6.2092199,50.4645386,,
4820,0,0,0,5.854352,50.6132126,,
4821,0,0,0,5.8840947,50.614315,,
4700,0,0,0,6.1375504,50.6036072,,
4701,0,0,0,6.0495181,50.6501389,,
4650,0,0,0,5.8090281,50.6372566,,
4651,0,0,0,5.7962408,50.6396523,,
4652,0,0,0,5.7716761,50.6109695,,
4653,0,0,0,5.7583609,50.6597443,,
4654,0,0,0,5.8075333,50.6761894,,
4845,0,0,0,5.9664831,50.530838,,
4720,0,0,0,6.0121269,50.7256088,,
4721,0,0,0,6.0183554,50.7256927,,
4728,0,0,0,6.030992,50.7091484,,
4990,0,0,0,5.7859693,50.3076248,,
4830,0,0,0,5.9342566,50.6024437,,
4831,0,0,0,5.9220557,50.6304436,,
4834,0,0,0,5.9568582,50.5987129,,
4710,0,0,0,5.9911146,50.6788826,,
4711,0,0,0,6.0362515,50.6765442,,
4960,0,0,0,6.0415831,50.4313965,,
4877,0,0,0,5.7317977,50.5873604,,
4860,0,0,0,5.7993622,50.5681152,,
4861,0,0,0,5.7853088,50.5916862,,
4730,0,0,0,6.1315355,50.6562958,,
4731,0,0,0,6.0961514,50.6986351,,
4780,0,0,0,6.0888762,50.3089714,,
4782,0,0,0,6.2555552,50.2809296,,
4783,0,0,0,6.1808186,50.2647324,,
4784,0,0,0,6.0682139,50.2857513,,
4900,0,0,0,5.8670888,50.4720688,,
4970,0,0,0,5.9580221,50.4165421,,
4987,0,0,0,5.7984128,50.4082375,,
4910,0,0,0,5.817729,50.510006,,
4800,0,0,0,5.8560772,50.5844574,,
4801,0,0,0,5.9028101,50.5923691,,
4802,0,0,0,5.8723202,50.5760307,,
4950,0,0,0,6.1243815,50.4620094,,
4840,0,0,0,5.9658327,50.6592789,,
4841,0,0,0,5.9262905,50.6654167,,
4980,0,0,0,5.9103775,50.3554802,,
4983,0,0,0,5.8048744,50.3597946,,
4790,0,0,0,6.116281,50.1818962,,
4791,0,0,0,6.0702763,50.2246284,,
4850,0,0,0,5.963397,50.7141342,,
4851,0,0,0,5.9613128,50.7471962,,
4852,0,0,0,5.9198642,50.7178879,,
4890,0,0,0,5.8696713,50.6629677,,
4257,0,0,0,5.2031107,50.7038689,,
4260,0,0,0,5.1425548,50.6117592,,
4261,0,0,0,5.1671143,50.6224213,,
4263,0,0,0,5.1816187,50.6402588,,
4367,0,0,0,5.3971696,50.7104683,,
4357,0,0,0,5.3258452,50.6493721,,
4347,0,0,0,5.4018817,50.6634789,,
4250,0,0,0,5.1783071,50.6756516,,
4252,0,0,0,5.198318,50.6540527,,
4253,0,0,0,5.1944423,50.6673164,,
4254,0,0,0,5.175683,50.6562042,,
4280,0,0,0,5.0731845,50.6660995,,
4287,0,0,0,5.0275764,50.7215919,,
4360,0,0,0,5.3473134,50.7231026,,
4350,0,0,0,5.3410125,50.6842003,,
4351,0,0,0,5.34196,50.696846,,
4470,0,0,0,5.3604918,50.5966187,,
4300,0,0,0,5.2668176,50.6938324,,
4219,0,0,0,5.0244808,50.6177826,,
4317,0,0,0,5.2428088,50.6448059,,
1050,4.810,324,7.914123148,4.3775277,50.8183479,,
1040,4.825,731,5.267792631,4.389122,50.8373795,,
1110,0,0,0,4.4220815,50.8751068,,
